files,language,blank,comment,code,"github.com/AlDanial/cloc v 1.84  T=2.86 s (765.8 files/s, 123688.9 lines/s)"
647,C++,16869,11484,93807
469,Python,13268,21012,46934
506,C/C++ Header,11138,19191,43548
158,CUDA,3317,2869,21523
130,Markdown,4909,0,13465
109,CMake,921,1435,5195
39,Bourne Shell,431,602,4118
25,Go,658,585,3210
2,SWIG,281,517,2565
65,reStructuredText,1797,2137,2328
10,Protocol Buffers,355,595,897
1,CSS,0,0,509
6,C,114,156,371
4,Perl,49,35,277
4,HTML,33,1,247
8,YAML,0,17,220
6,Dockerfile,32,25,105
1,JavaScript,5,0,26
3,Bourne Again Shell,7,0,23
2193,SUM,54184,60661,239368
